Barrier Name,N,Seed,Completion Time (s),Negative Iterations,Circle Time (%),Ellipse Time (%),Triangle Time (%),Square Time (%)
circular,4,1,10.659,0,1.0,0.0,0.0,0.0
circular,4,2,17.82,0,1.0,0.0,0.0,0.0
circular,4,3,50.226,0,1.0,0.0,0.0,0.0
circular,4,4,17.325,0,1.0,0.0,0.0,0.0
circular,4,5,41.580000000000005,0,1.0,0.0,0.0,0.0
circular,8,1,17.490000000000002,0,1.0,0.0,0.0,0.0
circular,8,2,23.265,0,1.0,0.0,0.0,0.0
circular,8,3,19.371000000000002,0,1.0,0.0,0.0,0.0
circular,8,4,15.213000000000001,0,1.0,0.0,0.0,0.0
circular,8,5,20.064,0,1.0,0.0,0.0,0.0
circular,11,1,19.602,0,1.0,0.0,0.0,0.0
circular,11,2,19.668,0,1.0,0.0,0.0,0.0
circular,11,3,14.883000000000001,0,1.0,0.0,0.0,0.0
circular,11,4,15.411000000000001,0,1.0,0.0,0.0,0.0
circular,11,5,16.368000000000002,0,1.0,0.0,0.0,0.0
circular,16,1,18.249000000000002,0,1.0,0.0,0.0,0.0
circular,16,2,27.192,0,1.0,0.0,0.0,0.0
circular,16,3,22.539,24,1.0,0.0,0.0,0.0
circular,16,4,21.417,0,1.0,0.0,0.0,0.0
circular,16,5,26.928,101,1.0,0.0,0.0,0.0
circular,20,1,22.968,42,1.0,0.0,0.0,0.0
circular,20,2,85.998,0,1.0,0.0,0.0,0.0
circular,20,3,43.329,0,1.0,0.0,0.0,0.0
circular,20,4,25.740000000000002,73,1.0,0.0,0.0,0.0
circular,20,5,37.257000000000005,0,1.0,0.0,0.0,0.0
elliptical,4,1,10.659,0,0.0,1.0,0.0,0.0
elliptical,4,2,17.589000000000002,0,0.0,1.0,0.0,0.0
elliptical,4,3,38.544000000000004,0,0.0,1.0,0.0,0.0
elliptical,4,4,17.193,0,0.0,1.0,0.0,0.0
elliptical,4,5,36.762,0,0.0,1.0,0.0,0.0
elliptical,8,1,16.797,0,0.0,1.0,0.0,0.0
elliptical,8,2,17.952,0,0.0,1.0,0.0,0.0
elliptical,8,3,19.8,0,0.0,1.0,0.0,0.0
elliptical,8,4,15.081000000000001,0,0.0,1.0,0.0,0.0
elliptical,8,5,20.724,0,0.0,1.0,0.0,0.0
elliptical,11,1,19.503,0,0.0,1.0,0.0,0.0
elliptical,11,2,18.513,0,0.0,1.0,0.0,0.0
elliptical,11,3,15.081000000000001,0,0.0,1.0,0.0,0.0
elliptical,11,4,15.84,0,0.0,1.0,0.0,0.0
elliptical,11,5,16.368000000000002,0,0.0,1.0,0.0,0.0
elliptical,16,1,18.579,0,0.0,1.0,0.0,0.0
elliptical,16,2,30.063000000000002,0,0.0,1.0,0.0,0.0
elliptical,16,3,21.681,71,0.0,1.0,0.0,0.0
elliptical,16,4,21.285,0,0.0,1.0,0.0,0.0
elliptical,16,5,28.842000000000002,0,0.0,1.0,0.0,0.0
elliptical,20,1,0.0,182,0.0,1.0,0.0,0.0
elliptical,20,2,0.0,242,0.0,1.0,0.0,0.0
elliptical,20,3,0.0,220,0.0,1.0,0.0,0.0
elliptical,20,4,0.0,252,0.0,1.0,0.0,0.0
elliptical,20,5,0.0,170,0.0,1.0,0.0,0.0
square,4,1,10.659,0,0.0,0.0,0.0,1.0
square,4,2,21.648,0,0.0,0.0,0.0,1.0
square,4,3,0.0,0,0.0,0.0,0.0,1.0
square,4,4,18.546,0,0.0,0.0,0.0,1.0
square,4,5,0.0,0,0.0,0.0,0.0,1.0
square,8,1,18.810000000000002,0,0.0,0.0,0.0,1.0
square,8,2,31.944000000000003,0,0.0,0.0,0.0,1.0
square,8,3,24.354000000000003,0,0.0,0.0,0.0,1.0
square,8,4,18.777,0,0.0,0.0,0.0,1.0
square,8,5,30.525000000000002,0,0.0,0.0,0.0,1.0
square,11,1,0.0,0,0.0,0.0,0.0,1.0
square,11,2,0.0,0,0.0,0.0,0.0,1.0
square,11,3,37.521,0,0.0,0.0,0.0,1.0
square,11,4,0.0,0,0.0,0.0,0.0,1.0
square,11,5,22.803,0,0.0,0.0,0.0,1.0
square,16,1,0.0,0,0.0,0.0,0.0,1.0
square,16,2,0.0,0,0.0,0.0,0.0,1.0
square,16,3,0.0,0,0.0,0.0,0.0,1.0
square,16,4,0.0,0,0.0,0.0,0.0,1.0
square,16,5,0.0,0,0.0,0.0,0.0,1.0
square,20,1,0.0,0,0.0,0.0,0.0,1.0
square,20,2,0.0,0,0.0,0.0,0.0,1.0
square,20,3,0.0,0,0.0,0.0,0.0,1.0
square,20,4,196.812,0,0.0,0.0,0.0,1.0
square,20,5,0.0,0,0.0,0.0,0.0,1.0
triangle,4,1,10.659,0,0.0,0.0,1.0,0.0
triangle,4,2,18.612000000000002,0,0.0,0.0,1.0,0.0
triangle,4,3,168.56400000000002,0,0.0,0.0,1.0,0.0
triangle,4,4,17.589000000000002,0,0.0,0.0,1.0,0.0
triangle,4,5,133.61700000000002,0,0.0,0.0,1.0,0.0
triangle,8,1,17.589000000000002,0,0.0,0.0,1.0,0.0
triangle,8,2,21.78,0,0.0,0.0,1.0,0.0
triangle,8,3,20.493000000000002,0,0.0,0.0,1.0,0.0
triangle,8,4,15.642000000000001,0,0.0,0.0,1.0,0.0
triangle,8,5,21.516000000000002,0,0.0,0.0,1.0,0.0
triangle,11,1,25.839000000000002,0,0.0,0.0,1.0,0.0
triangle,11,2,96.129,0,0.0,0.0,1.0,0.0
triangle,11,3,15.246,0,0.0,0.0,1.0,0.0
triangle,11,4,83.061,0,0.0,0.0,1.0,0.0
triangle,11,5,16.533,0,0.0,0.0,1.0,0.0
triangle,16,1,0.0,0,0.0,0.0,1.0,0.0
triangle,16,2,0.0,0,0.0,0.0,1.0,0.0
triangle,16,3,0.0,0,0.0,0.0,1.0,0.0
triangle,16,4,0.0,0,0.0,0.0,1.0,0.0
triangle,16,5,0.0,0,0.0,0.0,1.0,0.0
triangle,20,1,0.0,0,0.0,0.0,1.0,0.0
triangle,20,2,0.0,0,0.0,0.0,1.0,0.0
triangle,20,3,41.514,0,0.0,0.0,1.0,0.0
triangle,20,4,0.0,0,0.0,0.0,1.0,0.0
triangle,20,5,0.0,0,0.0,0.0,1.0,0.0
delta(circular-elliptical),4,1,11.253,0,0.08651026392961877,0.17595307917888564,0.0,0.0
delta(circular-elliptical),4,2,19.107,0,0.0,0.0,0.0,0.0
delta(circular-elliptical),4,3,36.069,0,0.0,0.0,0.0,0.0
delta(circular-elliptical),4,4,19.668,0,0.0,0.0,0.0,0.0
delta(circular-elliptical),4,5,39.633,0,0.0,0.0,0.0,0.0
delta(circular-elliptical),8,1,20.922,0,0.0,0.0,0.0,0.0
delta(circular-elliptical),8,2,22.275000000000002,0,0.0,0.0,0.0,0.0
delta(circular-elliptical),8,3,22.671,0,0.0,0.0,0.0,0.0
delta(circular-elliptical),8,4,18.282,0,0.0,0.0,0.0,0.0
delta(circular-elliptical),8,5,21.384,0,0.0,0.0,0.0,0.0
delta(circular-elliptical),11,1,20.295,0,0.0,0.0,0.0,0.0
delta(circular-elliptical),11,2,25.839000000000002,0,0.0,0.0,0.0,0.0
delta(circular-elliptical),11,3,16.896,0,0.0,0.0,0.0,0.0
delta(circular-elliptical),11,4,16.896,0,0.0,0.0,0.0,0.0
delta(circular-elliptical),11,5,20.295,0,0.0,0.0,0.0,0.0
delta(circular-elliptical),16,1,24.849,0,0.0,0.0,0.0,0.0
delta(circular-elliptical),16,2,30.954,0,0.0,0.0,0.0,0.0
delta(circular-elliptical),16,3,24.75,0,0.0,0.0,0.0,0.0
delta(circular-elliptical),16,4,25.806,0,0.0,0.0,0.0,0.0
delta(circular-elliptical),16,5,30.228,0,0.0,0.0,0.0,0.0
delta(circular-elliptical),20,1,25.113,45,0.0,0.0,0.0,0.0
delta(circular-elliptical),20,2,72.072,12,0.0,0.0,0.0,0.0
delta(circular-elliptical),20,3,44.649,0,0.0,0.0,0.0,0.0
delta(circular-elliptical),20,4,40.128,0,0.0,0.0,0.0,0.0
delta(circular-elliptical),20,5,46.728,0,0.0,0.0,0.0,0.0
delta(circular-square),4,1,11.253,0,0.08651026392961877,0.17595307917888564,0.0,0.0
delta(circular-square),4,2,19.107,0,0.0,0.0,0.0,0.0
delta(circular-square),4,3,36.069,0,0.0,0.0,0.0,0.0
delta(circular-square),4,4,19.668,0,0.0,0.0,0.0,0.0
delta(circular-square),4,5,39.633,0,0.0,0.0,0.0,0.0
delta(circular-square),8,1,20.922,0,0.0,0.0,0.0,0.0
delta(circular-square),8,2,22.275000000000002,0,0.0,0.0,0.0,0.0
delta(circular-square),8,3,22.671,0,0.0,0.0,0.0,0.0
delta(circular-square),8,4,18.282,0,0.0,0.0,0.0,0.0
delta(circular-square),8,5,21.384,0,0.0,0.0,0.0,0.0
delta(circular-square),11,1,20.295,0,0.0,0.0,0.0,0.0
delta(circular-square),11,2,25.839000000000002,0,0.0,0.0,0.0,0.0
delta(circular-square),11,3,16.896,0,0.0,0.0,0.0,0.0
delta(circular-square),11,4,16.896,0,0.0,0.0,0.0,0.0
delta(circular-square),11,5,20.295,0,0.0,0.0,0.0,0.0
delta(circular-square),16,1,24.849,0,0.0,0.0,0.0,0.0
delta(circular-square),16,2,30.954,0,0.0,0.0,0.0,0.0
delta(circular-square),16,3,24.75,0,0.0,0.0,0.0,0.0
delta(circular-square),16,4,25.806,0,0.0,0.0,0.0,0.0
delta(circular-square),16,5,30.228,0,0.0,0.0,0.0,0.0
delta(circular-square),20,1,25.113,45,0.0,0.0,0.0,0.0
delta(circular-square),20,2,72.072,12,0.0,0.0,0.0,0.0
delta(circular-square),20,3,44.649,0,0.0,0.0,0.0,0.0
delta(circular-square),20,4,40.128,0,0.0,0.0,0.0,0.0
delta(circular-square),20,5,46.728,0,0.0,0.0,0.0,0.0
delta(circular-triangle),4,1,11.253,0,0.08651026392961877,0.17595307917888564,0.0,0.0
delta(circular-triangle),4,2,19.107,0,0.0,0.0,0.0,0.0
delta(circular-triangle),4,3,36.069,0,0.0,0.0,0.0,0.0
delta(circular-triangle),4,4,19.668,0,0.0,0.0,0.0,0.0
delta(circular-triangle),4,5,39.633,0,0.0,0.0,0.0,0.0
delta(circular-triangle),8,1,20.922,0,0.0,0.0,0.0,0.0
delta(circular-triangle),8,2,22.275000000000002,0,0.0,0.0,0.0,0.0
delta(circular-triangle),8,3,22.671,0,0.0,0.0,0.0,0.0
delta(circular-triangle),8,4,18.282,0,0.0,0.0,0.0,0.0
delta(circular-triangle),8,5,21.384,0,0.0,0.0,0.0,0.0
delta(circular-triangle),11,1,20.295,0,0.0,0.0,0.0,0.0
delta(circular-triangle),11,2,25.839000000000002,0,0.0,0.0,0.0,0.0
delta(circular-triangle),11,3,16.896,0,0.0,0.0,0.0,0.0
delta(circular-triangle),11,4,16.896,0,0.0,0.0,0.0,0.0
delta(circular-triangle),11,5,20.295,0,0.0,0.0,0.0,0.0
delta(circular-triangle),16,1,24.849,0,0.0,0.0,0.0,0.0
delta(circular-triangle),16,2,30.954,0,0.0,0.0,0.0,0.0
delta(circular-triangle),16,3,24.75,0,0.0,0.0,0.0,0.0
delta(circular-triangle),16,4,25.806,0,0.0,0.0,0.0,0.0
delta(circular-triangle),16,5,30.228,0,0.0,0.0,0.0,0.0
delta(circular-triangle),20,1,25.113,45,0.0,0.0,0.0,0.0
delta(circular-triangle),20,2,72.072,12,0.0,0.0,0.0,0.0
delta(circular-triangle),20,3,44.649,0,0.0,0.0,0.0,0.0
delta(circular-triangle),20,4,40.128,0,0.0,0.0,0.0,0.0
delta(circular-triangle),20,5,46.728,0,0.0,0.0,0.0,0.0
delta(elliptical-square),4,1,11.253,0,0.08651026392961877,0.17595307917888564,0.0,0.0
delta(elliptical-square),4,2,19.206,0,0.0,0.0,0.0,0.0
delta(elliptical-square),4,3,34.782000000000004,0,0.0,0.0,0.0,0.0
delta(elliptical-square),4,4,19.371000000000002,0,0.0,0.0,0.0,0.0
delta(elliptical-square),4,5,33.693000000000005,0,0.0,0.0,0.0,0.0
delta(elliptical-square),8,1,20.559,0,0.0,0.0,0.0,0.0
delta(elliptical-square),8,2,22.11,0,0.0,0.0,0.0,0.0
delta(elliptical-square),8,3,22.275000000000002,0,0.0,0.0,0.0,0.0
delta(elliptical-square),8,4,18.249000000000002,0,0.0,0.0,0.0,0.0
delta(elliptical-square),8,5,21.285,0,0.0,0.0,0.0,0.0
delta(elliptical-square),11,1,22.638,0,0.0,0.0,0.0,0.0
delta(elliptical-square),11,2,23.463,0,0.0,0.0,0.0,0.0
delta(elliptical-square),11,3,18.48,0,0.0,0.0,0.0,0.0
delta(elliptical-square),11,4,20.394000000000002,0,0.0,0.0,0.0,0.0
delta(elliptical-square),11,5,20.196,0,0.0,0.0,0.0,0.0
delta(elliptical-square),16,1,38.049,0,0.0,0.0,0.0,0.0
delta(elliptical-square),16,2,32.142,0,0.0,0.0,0.0,0.0
delta(elliptical-square),16,3,24.024,0,0.0,0.0,0.0,0.0
delta(elliptical-square),16,4,34.419000000000004,0,0.0,0.0,0.0,0.0
delta(elliptical-square),16,5,32.967,0,0.0,0.0,0.0,0.0
delta(elliptical-square),20,1,0.0,208,0.0,0.0,0.0,0.0
delta(elliptical-square),20,2,0.0,523,0.0,0.0,0.0,0.0
delta(elliptical-square),20,3,0.0,201,0.0,0.0,0.0,0.0
delta(elliptical-square),20,4,0.0,237,0.0,0.0,0.0,0.0
delta(elliptical-square),20,5,0.0,323,0.0,0.0,0.0,0.0
delta(elliptical-triangle),4,1,11.253,0,0.08651026392961877,0.17595307917888564,0.0,0.0
delta(elliptical-triangle),4,2,19.206,0,0.0,0.0,0.0,0.0
delta(elliptical-triangle),4,3,34.782000000000004,0,0.0,0.0,0.0,0.0
delta(elliptical-triangle),4,4,19.371000000000002,0,0.0,0.0,0.0,0.0
delta(elliptical-triangle),4,5,33.693000000000005,0,0.0,0.0,0.0,0.0
delta(elliptical-triangle),8,1,20.559,0,0.0,0.0,0.0,0.0
delta(elliptical-triangle),8,2,22.11,0,0.0,0.0,0.0,0.0
delta(elliptical-triangle),8,3,22.275000000000002,0,0.0,0.0,0.0,0.0
delta(elliptical-triangle),8,4,18.249000000000002,0,0.0,0.0,0.0,0.0
delta(elliptical-triangle),8,5,21.285,0,0.0,0.0,0.0,0.0
delta(elliptical-triangle),11,1,22.638,0,0.0,0.0,0.0,0.0
delta(elliptical-triangle),11,2,23.463,0,0.0,0.0,0.0,0.0
delta(elliptical-triangle),11,3,18.48,0,0.0,0.0,0.0,0.0
delta(elliptical-triangle),11,4,20.394000000000002,0,0.0,0.0,0.0,0.0
delta(elliptical-triangle),11,5,20.196,0,0.0,0.0,0.0,0.0
delta(elliptical-triangle),16,1,38.049,0,0.0,0.0,0.0,0.0
delta(elliptical-triangle),16,2,32.142,0,0.0,0.0,0.0,0.0
delta(elliptical-triangle),16,3,24.024,0,0.0,0.0,0.0,0.0
delta(elliptical-triangle),16,4,34.419000000000004,0,0.0,0.0,0.0,0.0
delta(elliptical-triangle),16,5,32.967,0,0.0,0.0,0.0,0.0
delta(elliptical-triangle),20,1,0.0,208,0.0,0.0,0.0,0.0
delta(elliptical-triangle),20,2,0.0,523,0.0,0.0,0.0,0.0
delta(elliptical-triangle),20,3,0.0,201,0.0,0.0,0.0,0.0
delta(elliptical-triangle),20,4,0.0,237,0.0,0.0,0.0,0.0
delta(elliptical-triangle),20,5,0.0,323,0.0,0.0,0.0,0.0
delta(square-triangle),4,1,11.253,0,0.08651026392961877,0.17595307917888564,0.0,0.0
delta(square-triangle),4,2,21.285,0,0.0,0.0,0.0,0.0
delta(square-triangle),4,3,0.0,0,0.0,0.0,0.0,0.0
delta(square-triangle),4,4,20.394000000000002,0,0.0,0.0,0.0,0.0
delta(square-triangle),4,5,0.0,0,0.0,0.0,0.0,0.0
delta(square-triangle),8,1,25.509,0,0.0,0.0,0.0,0.0
delta(square-triangle),8,2,27.753,0,0.0,0.0,0.0,0.0
delta(square-triangle),8,3,42.075,0,0.0,0.0,0.0,0.0
delta(square-triangle),8,4,20.955000000000002,0,0.0,0.0,0.0,0.0
delta(square-triangle),8,5,36.531,0,0.0,0.0,0.0,0.0
delta(square-triangle),11,1,57.651,0,0.0,0.0,0.0,0.0
delta(square-triangle),11,2,0.0,0,0.0,0.0,0.0,0.0
delta(square-triangle),11,3,38.445,0,0.0,0.0,0.0,0.0
delta(square-triangle),11,4,0.0,0,0.0,0.0,0.0,0.0
delta(square-triangle),11,5,0.0,0,0.0,0.0,0.0,0.0
delta(square-triangle),16,1,0.0,0,0.0,0.0,0.0,0.0
delta(square-triangle),16,2,0.0,0,0.0,0.0,0.0,0.0
delta(square-triangle),16,3,130.383,0,0.0,0.0,0.0,0.0
delta(square-triangle),16,4,0.0,0,0.0,0.0,0.0,0.0
delta(square-triangle),16,5,0.0,0,0.0,0.0,0.0,0.0
delta(square-triangle),20,1,0.0,0,0.0,0.0,0.0,0.0
delta(square-triangle),20,2,0.0,0,0.0,0.0,0.0,0.0
delta(square-triangle),20,3,0.0,0,0.0,0.0,0.0,0.0
delta(square-triangle),20,4,223.476,0,0.0,0.0,0.0,0.0
delta(square-triangle),20,5,0.0,0,0.0,0.0,0.0,0.0
delta(circular-elliptical-square),4,1,11.253,0,0.08651026392961877,0.17595307917888564,0.0,0.0
delta(circular-elliptical-square),4,2,19.107,0,0.0,0.0,0.0,0.0
delta(circular-elliptical-square),4,3,36.069,0,0.0,0.0,0.0,0.0
delta(circular-elliptical-square),4,4,19.668,0,0.0,0.0,0.0,0.0
delta(circular-elliptical-square),4,5,39.633,0,0.0,0.0,0.0,0.0
delta(circular-elliptical-square),8,1,20.922,0,0.0,0.0,0.0,0.0
delta(circular-elliptical-square),8,2,22.275000000000002,0,0.0,0.0,0.0,0.0
delta(circular-elliptical-square),8,3,22.671,0,0.0,0.0,0.0,0.0
delta(circular-elliptical-square),8,4,18.282,0,0.0,0.0,0.0,0.0
delta(circular-elliptical-square),8,5,21.384,0,0.0,0.0,0.0,0.0
delta(circular-elliptical-square),11,1,20.295,0,0.0,0.0,0.0,0.0
delta(circular-elliptical-square),11,2,25.839000000000002,0,0.0,0.0,0.0,0.0
delta(circular-elliptical-square),11,3,16.896,0,0.0,0.0,0.0,0.0
delta(circular-elliptical-square),11,4,16.896,0,0.0,0.0,0.0,0.0
delta(circular-elliptical-square),11,5,20.295,0,0.0,0.0,0.0,0.0
delta(circular-elliptical-square),16,1,24.849,0,0.0,0.0,0.0,0.0
delta(circular-elliptical-square),16,2,30.954,0,0.0,0.0,0.0,0.0
delta(circular-elliptical-square),16,3,24.75,0,0.0,0.0,0.0,0.0
delta(circular-elliptical-square),16,4,25.806,0,0.0,0.0,0.0,0.0
delta(circular-elliptical-square),16,5,30.228,0,0.0,0.0,0.0,0.0
delta(circular-elliptical-square),20,1,25.113,45,0.0,0.0,0.0,0.0
delta(circular-elliptical-square),20,2,72.072,12,0.0,0.0,0.0,0.0
delta(circular-elliptical-square),20,3,44.649,0,0.0,0.0,0.0,0.0
delta(circular-elliptical-square),20,4,40.128,0,0.0,0.0,0.0,0.0
delta(circular-elliptical-square),20,5,46.728,0,0.0,0.0,0.0,0.0
delta(circular-elliptical-triangle),4,1,11.253,0,0.08651026392961877,0.17595307917888564,0.0,0.0
delta(circular-elliptical-triangle),4,2,19.107,0,0.0,0.0,0.0,0.0
delta(circular-elliptical-triangle),4,3,36.069,0,0.0,0.0,0.0,0.0
delta(circular-elliptical-triangle),4,4,19.668,0,0.0,0.0,0.0,0.0
delta(circular-elliptical-triangle),4,5,39.633,0,0.0,0.0,0.0,0.0
delta(circular-elliptical-triangle),8,1,20.922,0,0.0,0.0,0.0,0.0
delta(circular-elliptical-triangle),8,2,22.275000000000002,0,0.0,0.0,0.0,0.0
delta(circular-elliptical-triangle),8,3,22.671,0,0.0,0.0,0.0,0.0
delta(circular-elliptical-triangle),8,4,18.282,0,0.0,0.0,0.0,0.0
delta(circular-elliptical-triangle),8,5,21.384,0,0.0,0.0,0.0,0.0
delta(circular-elliptical-triangle),11,1,20.295,0,0.0,0.0,0.0,0.0
delta(circular-elliptical-triangle),11,2,25.839000000000002,0,0.0,0.0,0.0,0.0
delta(circular-elliptical-triangle),11,3,16.896,0,0.0,0.0,0.0,0.0
delta(circular-elliptical-triangle),11,4,16.896,0,0.0,0.0,0.0,0.0
delta(circular-elliptical-triangle),11,5,20.295,0,0.0,0.0,0.0,0.0
delta(circular-elliptical-triangle),16,1,24.849,0,0.0,0.0,0.0,0.0
delta(circular-elliptical-triangle),16,2,30.954,0,0.0,0.0,0.0,0.0
delta(circular-elliptical-triangle),16,3,24.75,0,0.0,0.0,0.0,0.0
delta(circular-elliptical-triangle),16,4,25.806,0,0.0,0.0,0.0,0.0
delta(circular-elliptical-triangle),16,5,30.228,0,0.0,0.0,0.0,0.0
delta(circular-elliptical-triangle),20,1,25.113,45,0.0,0.0,0.0,0.0
delta(circular-elliptical-triangle),20,2,72.072,12,0.0,0.0,0.0,0.0
delta(circular-elliptical-triangle),20,3,44.649,0,0.0,0.0,0.0,0.0
delta(circular-elliptical-triangle),20,4,40.128,0,0.0,0.0,0.0,0.0
delta(circular-elliptical-triangle),20,5,46.728,0,0.0,0.0,0.0,0.0
delta(circular-square-triangle),4,1,11.253,0,0.08651026392961877,0.17595307917888564,0.0,0.0
delta(circular-square-triangle),4,2,19.107,0,0.0,0.0,0.0,0.0
delta(circular-square-triangle),4,3,36.069,0,0.0,0.0,0.0,0.0
delta(circular-square-triangle),4,4,19.668,0,0.0,0.0,0.0,0.0
delta(circular-square-triangle),4,5,39.633,0,0.0,0.0,0.0,0.0
delta(circular-square-triangle),8,1,20.922,0,0.0,0.0,0.0,0.0
delta(circular-square-triangle),8,2,22.275000000000002,0,0.0,0.0,0.0,0.0
delta(circular-square-triangle),8,3,22.671,0,0.0,0.0,0.0,0.0
delta(circular-square-triangle),8,4,18.282,0,0.0,0.0,0.0,0.0
delta(circular-square-triangle),8,5,21.384,0,0.0,0.0,0.0,0.0
delta(circular-square-triangle),11,1,20.295,0,0.0,0.0,0.0,0.0
delta(circular-square-triangle),11,2,25.839000000000002,0,0.0,0.0,0.0,0.0
delta(circular-square-triangle),11,3,16.896,0,0.0,0.0,0.0,0.0
delta(circular-square-triangle),11,4,16.896,0,0.0,0.0,0.0,0.0
delta(circular-square-triangle),11,5,20.295,0,0.0,0.0,0.0,0.0
delta(circular-square-triangle),16,1,24.849,0,0.0,0.0,0.0,0.0
delta(circular-square-triangle),16,2,30.954,0,0.0,0.0,0.0,0.0
delta(circular-square-triangle),16,3,24.75,0,0.0,0.0,0.0,0.0
delta(circular-square-triangle),16,4,25.806,0,0.0,0.0,0.0,0.0
delta(circular-square-triangle),16,5,30.228,0,0.0,0.0,0.0,0.0
delta(circular-square-triangle),20,1,25.113,45,0.0,0.0,0.0,0.0
delta(circular-square-triangle),20,2,72.072,12,0.0,0.0,0.0,0.0
delta(circular-square-triangle),20,3,44.649,0,0.0,0.0,0.0,0.0
delta(circular-square-triangle),20,4,40.128,0,0.0,0.0,0.0,0.0
delta(circular-square-triangle),20,5,46.728,0,0.0,0.0,0.0,0.0
delta(elliptical-square-triangle),4,1,11.253,0,0.08651026392961877,0.17595307917888564,0.0,0.0
delta(elliptical-square-triangle),4,2,19.206,0,0.0,0.0,0.0,0.0
delta(elliptical-square-triangle),4,3,34.782000000000004,0,0.0,0.0,0.0,0.0
delta(elliptical-square-triangle),4,4,19.371000000000002,0,0.0,0.0,0.0,0.0
delta(elliptical-square-triangle),4,5,33.693000000000005,0,0.0,0.0,0.0,0.0
delta(elliptical-square-triangle),8,1,20.559,0,0.0,0.0,0.0,0.0
delta(elliptical-square-triangle),8,2,22.11,0,0.0,0.0,0.0,0.0
delta(elliptical-square-triangle),8,3,22.275000000000002,0,0.0,0.0,0.0,0.0
delta(elliptical-square-triangle),8,4,18.249000000000002,0,0.0,0.0,0.0,0.0
delta(elliptical-square-triangle),8,5,21.285,0,0.0,0.0,0.0,0.0
delta(elliptical-square-triangle),11,1,22.638,0,0.0,0.0,0.0,0.0
delta(elliptical-square-triangle),11,2,23.463,0,0.0,0.0,0.0,0.0
delta(elliptical-square-triangle),11,3,18.48,0,0.0,0.0,0.0,0.0
delta(elliptical-square-triangle),11,4,20.394000000000002,0,0.0,0.0,0.0,0.0
delta(elliptical-square-triangle),11,5,20.196,0,0.0,0.0,0.0,0.0
delta(elliptical-square-triangle),16,1,38.049,0,0.0,0.0,0.0,0.0
delta(elliptical-square-triangle),16,2,32.142,0,0.0,0.0,0.0,0.0
delta(elliptical-square-triangle),16,3,24.024,0,0.0,0.0,0.0,0.0
delta(elliptical-square-triangle),16,4,34.419000000000004,0,0.0,0.0,0.0,0.0
delta(elliptical-square-triangle),16,5,32.967,0,0.0,0.0,0.0,0.0
delta(elliptical-square-triangle),20,1,0.0,208,0.0,0.0,0.0,0.0
delta(elliptical-square-triangle),20,2,0.0,523,0.0,0.0,0.0,0.0
delta(elliptical-square-triangle),20,3,0.0,201,0.0,0.0,0.0,0.0
delta(elliptical-square-triangle),20,4,0.0,237,0.0,0.0,0.0,0.0
delta(elliptical-square-triangle),20,5,0.0,323,0.0,0.0,0.0,0.0
delta(circular-elliptical-square-triangle),4,1,11.253,0,0.08651026392961877,0.17595307917888564,0.0,0.0
delta(circular-elliptical-square-triangle),4,2,19.107,0,0.0,0.0,0.0,0.0
delta(circular-elliptical-square-triangle),4,3,36.069,0,0.0,0.0,0.0,0.0
delta(circular-elliptical-square-triangle),4,4,19.668,0,0.0,0.0,0.0,0.0
delta(circular-elliptical-square-triangle),4,5,39.633,0,0.0,0.0,0.0,0.0
delta(circular-elliptical-square-triangle),8,1,20.922,0,0.0,0.0,0.0,0.0
delta(circular-elliptical-square-triangle),8,2,22.275000000000002,0,0.0,0.0,0.0,0.0
delta(circular-elliptical-square-triangle),8,3,22.671,0,0.0,0.0,0.0,0.0
delta(circular-elliptical-square-triangle),8,4,18.282,0,0.0,0.0,0.0,0.0
delta(circular-elliptical-square-triangle),8,5,21.384,0,0.0,0.0,0.0,0.0
delta(circular-elliptical-square-triangle),11,1,20.295,0,0.0,0.0,0.0,0.0
delta(circular-elliptical-square-triangle),11,2,25.839000000000002,0,0.0,0.0,0.0,0.0
delta(circular-elliptical-square-triangle),11,3,16.896,0,0.0,0.0,0.0,0.0
delta(circular-elliptical-square-triangle),11,4,16.896,0,0.0,0.0,0.0,0.0
delta(circular-elliptical-square-triangle),11,5,20.295,0,0.0,0.0,0.0,0.0
delta(circular-elliptical-square-triangle),16,1,24.849,0,0.0,0.0,0.0,0.0
delta(circular-elliptical-square-triangle),16,2,30.954,0,0.0,0.0,0.0,0.0
delta(circular-elliptical-square-triangle),16,3,24.75,0,0.0,0.0,0.0,0.0
delta(circular-elliptical-square-triangle),16,4,25.806,0,0.0,0.0,0.0,0.0
delta(circular-elliptical-square-triangle),16,5,30.228,0,0.0,0.0,0.0,0.0
delta(circular-elliptical-square-triangle),20,1,25.113,45,0.0,0.0,0.0,0.0
delta(circular-elliptical-square-triangle),20,2,72.072,12,0.0,0.0,0.0,0.0
delta(circular-elliptical-square-triangle),20,3,44.649,0,0.0,0.0,0.0,0.0
delta(circular-elliptical-square-triangle),20,4,40.128,0,0.0,0.0,0.0,0.0
delta(circular-elliptical-square-triangle),20,5,46.728,0,0.0,0.0,0.0,0.0
